"FullName","Action","From","To"
"Table<Item Variant>.Field<Description>","ChangedDatatype","Text50","Text100"
"Table<Employee Ledger Entry>.Field<Description>","ChangedDatatype","Text50","Text100"
"Table<VAT Assisted Setup Bus. Grp.>.Field<Description>","ChangedDatatype","Text50","Text100"
"Table<VAT Assisted Setup Templates>.Field<Description>","ChangedDatatype","Text50","Text100"
"Table<VAT Setup Posting Groups>.Field<VAT Prod. Posting Grp Desc.>","ChangedDatatype","Text50","Text100"
"Table<Consolidation Account>.Field<Name>","ChangedDatatype","Text50","Text100"
"Table<Positive Pay Entry Detail>.Field<Payee>","ChangedDatatype","Text50","Text100"
"Table<Payment Export Data>.Field<Recipient Bank Address>","ChangedDatatype","Text50","Text100"
"Table<Payment Export Data>.Field<Recipient Bank Name>","ChangedDatatype","Text50","Text100"
"Table<Payment Export Data>.Field<Recipient Address>","ChangedDatatype","Text50","Text100"
"Table<Payment Export Data>.Field<Recipient Name>","ChangedDatatype","Text50","Text100"
"Table<Payment Export Data>.Field<Sender Bank Address>","ChangedDatatype","Text50","Text100"
"Table<Payment Export Data>.Field<Sender Bank Name>","ChangedDatatype","Text50","Text100"
"Table<Data Exch. Column Def>.Field<Description>","ChangedDatatype","Text50","Text100"
"Table<Order Promising Line>.Field<Description>","ChangedDatatype","Text50","Text100"
"Table<Production Forecast Entry>.Field<Description>","ChangedDatatype","Text50","Text100"
"Table<Production Forecast Name>.Field<Description>","ChangedDatatype","Text50","Text100"
"Table<Registered Absence>.Field<Description>","ChangedDatatype","Text50","Text100"
"Table<Planning Buffer>.Field<Description>","ChangedDatatype","Text50","Text100"
"Table<Planning Routing Line>.Field<Description>","ChangedDatatype","Text50","Text100"
"Table<Planning Component>.Field<Description>","ChangedDatatype","Text50","Text100"
"Table<Routing Quality Measure>.Field<Description>","ChangedDatatype","Text50","Text100"
"Table<Routing Personnel>.Field<Description>","ChangedDatatype","Text50","Text100"
"Table<Routing Tool>.Field<Description>","ChangedDatatype","Text50","Text100"
"Table<Sales Planning Line>.Field<Description>","ChangedDatatype","Text50","Text100"
"Table<Where-Used Line>.Field<Description>","ChangedDatatype","Text50","Text100"
"Table<Production Matrix BOM Line>.Field<Description>","ChangedDatatype","Text50","Text100"
"Table<Routing Version>.Field<Description>","ChangedDatatype","Text50","Text100"
"Table<Quality Measure>.Field<Description>","ChangedDatatype","Text50","Text100"
"Table<Standard Task Quality Measure>.Field<Description>","ChangedDatatype","Text50","Text100"
"Table<Standard Task Personnel>.Field<Description>","ChangedDatatype","Text50","Text100"
"Table<Standard Task Tool>.Field<Description>","ChangedDatatype","Text50","Text100"
"Table<Capacity Unit of Measure>.Field<Description>","ChangedDatatype","Text50","Text100"
"Table<Production BOM Version>.Field<Description>","ChangedDatatype","Text50","Text100"
"Table<Standard Task>.Field<Description>","ChangedDatatype","Text50","Text100"
"Table<Routing Link>.Field<Description>","ChangedDatatype","Text50","Text100"
"Table<Family Line>.Field<Description>","ChangedDatatype","Text50","Text100"
"Table<Family>.Field<Search Name>","ChangedDatatype","Code50","Code100"
"Table<Family>.Field<Description>","ChangedDatatype","Text50","Text100"
"Table<Production BOM Line>.Field<Description>","ChangedDatatype","Text50","Text100"
"Table<Production BOM Header>.Field<Search Name>","ChangedDatatype","Code50","Code100"
"Table<Production BOM Header>.Field<Description>","ChangedDatatype","Text50","Text100"
"Table<Routing Line>.Field<Description>","ChangedDatatype","Text50","Text100"
"Table<Routing Header>.Field<Search Description>","ChangedDatatype","Code50","Code100"
"Table<Routing Header>.Field<Description>","ChangedDatatype","Text50","Text100"
"Table<Scrap>.Field<Description>","ChangedDatatype","Text50","Text100"
"Table<Stop>.Field<Description>","ChangedDatatype","Text50","Text100"
"Table<Calendar Absence Entry>.Field<Description>","ChangedDatatype","Text50","Text100"
"Table<Machine Center>.Field<Address>","ChangedDatatype","Text50","Text100"
"Table<Work Center>.Field<Address>","ChangedDatatype","Text50","Text100"
"Table<Shop Calendar Holiday>.Field<Description>","ChangedDatatype","Text50","Text100"
"Table<Shop Calendar>.Field<Description>","ChangedDatatype","Text50","Text100"
"Table<Work Shift>.Field<Description>","ChangedDatatype","Text50","Text100"
"Table<CODA Statement Line>.Field<Account Name>","ChangedDatatype","Text50","Text100"
"Table<CODA Statement Line>.Field<Description>","ChangedDatatype","Text80","Text100"
"Table<Payment Journal Line>.Field<Payment Message>","ChangedDatatype","Text50","Text100"
"Table<Asm. Availability Test Buffer>.Field<Description>","ChangedDatatype","Text50","Text100"
"Table<Application Area Buffer>.Field<Application Area>","ChangedDatatype","Text30","Text80"
"Table<My Job>.Field<Bill-to Name>","ChangedDatatype","Text50","Text100"
"Table<My Job>.Field<Description>","ChangedDatatype","Text50","Text100"
"Table<My Account>.Field<Name>","ChangedDatatype","Text50","Text100"
"Table<My Item>.Field<Description>","ChangedDatatype","Text50","Text100"
"Table<My Vendor>.Field<Name>","ChangedDatatype","Text50","Text100"
"Table<My Customer>.Field<Name>","ChangedDatatype","Text50","Text100"
"Table<Autocomplete Address>.Field<Address>","ChangedDatatype","Text50","Text100"
"Table<Autocomplete Address>.Field<Name>","ChangedDatatype","Text50","Text100"
"Table<Config. Setup>.Field<Ship-to Contact>","ChangedDatatype","Text50","Text100"
"Table<Config. Setup>.Field<Ship-to Address>","ChangedDatatype","Text50","Text100"
"Table<Config. Setup>.Field<Ship-to Name>","ChangedDatatype","Text50","Text100"
"Table<Config. Setup>.Field<Bank Name>","ChangedDatatype","Text50","Text100"
"Table<Config. Setup>.Field<Address>","ChangedDatatype","Text50","Text100"
"Table<Config. Setup>.Field<Name>","ChangedDatatype","Text50","Text100"
"Table<Config. Template Header>.Field<Description>","ChangedDatatype","Text50","Text100"
"Table<Config. Question Area>.Field<Description>","ChangedDatatype","Text50","Text100"
"Table<Config. Questionnaire>.Field<Description>","ChangedDatatype","Text50","Text100"
"Table<Phys. Invt. Counting Period>.Field<Description>","ChangedDatatype","Text50","Text100"
"Table<Phys. Invt. Item Selection>.Field<Description>","ChangedDatatype","Text50","Text100"
"Table<Bin>.Field<Description>","ChangedDatatype","Text50","Text100"
"Table<Internal Movement Line>.Field<Description>","ChangedDatatype","Text50","Text100"
"Table<Registered Invt. Movement Line>.Field<Description>","ChangedDatatype","Text50","Text100"
"Table<Posted Invt. Pick Line>.Field<Description>","ChangedDatatype","Text50","Text100"
"Table<Posted Invt. Put-away Line>.Field<Description>","ChangedDatatype","Text50","Text100"
"Table<Bin Creation Worksheet Line>.Field<Description>","ChangedDatatype","Text50","Text100"
"Table<Bin Creation Wksh. Name>.Field<Description>","ChangedDatatype","Text50","Text100"
"Table<Bin Template>.Field<Description>","ChangedDatatype","Text50","Text100"
"Table<Whse. Internal Pick Line>.Field<Description>","ChangedDatatype","Text50","Text100"
"Table<Whse. Internal Put-away Line>.Field<Description>","ChangedDatatype","Text50","Text100"
"Table<Whse. Worksheet Name>.Field<Description>","ChangedDatatype","Text50","Text100"
"Table<Whse. Worksheet Line>.Field<Description>","ChangedDatatype","Text50","Text100"
"Table<Posted Whse. Shipment Line>.Field<Description>","ChangedDatatype","Text50","Text100"
"Table<Warehouse Shipment Line>.Field<Description>","ChangedDatatype","Text50","Text100"
"Table<Posted Whse. Receipt Line>.Field<Description>","ChangedDatatype","Text50","Text100"
"Table<Warehouse Receipt Line>.Field<Description>","ChangedDatatype","Text50","Text100"
"Table<Warehouse Entry>.Field<Description>","ChangedDatatype","Text50","Text100"
"Table<Warehouse Journal Line>.Field<Description>","ChangedDatatype","Text50","Text100"
"Table<Warehouse Journal Batch>.Field<Description>","ChangedDatatype","Text50","Text100"
"Table<Put-away Template Line>.Field<Description>","ChangedDatatype","Text50","Text100"
"Table<Put-away Template Header>.Field<Description>","ChangedDatatype","Text50","Text100"
"Table<Special Equipment>.Field<Description>","ChangedDatatype","Text50","Text100"
"Table<Warehouse Class>.Field<Description>","ChangedDatatype","Text50","Text100"
"Table<Bin Type>.Field<Description>","ChangedDatatype","Text50","Text100"
"Table<Zone>.Field<Description>","ChangedDatatype","Text50","Text100"
"Table<Item Budget Entry>.Field<Description>","ChangedDatatype","Text50","Text100"
"Table<Analysis Line>.Field<Description>","ChangedDatatype","Text80","Text100"
"Table<Analysis Report Name>.Field<Description>","ChangedDatatype","Text50","Text100"
"Table<Sales Price Worksheet>.Field<Sales Description>","ChangedDatatype","Text50","Text100"
"Table<Sales Price Worksheet>.Field<Item Description>","ChangedDatatype","Text50","Text100"
"Table<Booking Item>.Field<Customer Name>","ChangedDatatype","Text50","Text100"
"Table<Booking Service>.Field<Display Name>","ChangedDatatype","Text50","Text100"
"Table<Exchange Contact>.Field<CompanyName>","ChangedDatatype","Text50","Text100"
"Table<Return Receipt Line>.Field<Unit of Measure>","ChangedDatatype","Text10","Text50"
"Table<Return Receipt Line>.Field<Description>","ChangedDatatype","Text50","Text100"
"Table<Return Receipt Header>.Field<Sell-to Contact>","ChangedDatatype","Text50","Text100"
"Table<Return Receipt Header>.Field<Sell-to Address>","ChangedDatatype","Text50","Text100"
"Table<Return Receipt Header>.Field<Sell-to Customer Name>","ChangedDatatype","Text50","Text100"
"Table<Return Receipt Header>.Field<Posting Description>","ChangedDatatype","Text50","Text100"
"Table<Return Receipt Header>.Field<Ship-to Contact>","ChangedDatatype","Text50","Text100"
"Table<Return Receipt Header>.Field<Ship-to Address>","ChangedDatatype","Text50","Text100"
"Table<Return Receipt Header>.Field<Ship-to Name>","ChangedDatatype","Text50","Text100"
"Table<Return Receipt Header>.Field<Bill-to Contact>","ChangedDatatype","Text50","Text100"
"Table<Return Receipt Header>.Field<Bill-to Address>","ChangedDatatype","Text50","Text100"
"Table<Return Receipt Header>.Field<Bill-to Name>","ChangedDatatype","Text50","Text100"
"Table<Return Shipment Line>.Field<Unit of Measure>","ChangedDatatype","Text10","Text50"
"Table<Return Shipment Line>.Field<Description>","ChangedDatatype","Text50","Text100"
"Table<Return Shipment Header>.Field<Buy-from Contact>","ChangedDatatype","Text50","Text100"
"Table<Return Shipment Header>.Field<Buy-from Address>","ChangedDatatype","Text50","Text100"
"Table<Return Shipment Header>.Field<Buy-from Vendor Name>","ChangedDatatype","Text50","Text100"
"Table<Return Shipment Header>.Field<Posting Description>","ChangedDatatype","Text50","Text100"
"Table<Return Shipment Header>.Field<Ship-to Contact>","ChangedDatatype","Text50","Text100"
"Table<Return Shipment Header>.Field<Ship-to Address>","ChangedDatatype","Text50","Text100"
"Table<Return Shipment Header>.Field<Ship-to Name>","ChangedDatatype","Text50","Text100"
"Table<Return Shipment Header>.Field<Pay-to Contact>","ChangedDatatype","Text50","Text100"
"Table<Return Shipment Header>.Field<Pay-to Address>","ChangedDatatype","Text50","Text100"
"Table<Return Shipment Header>.Field<Pay-to Name>","ChangedDatatype","Text50","Text100"
"Table<Return Reason>.Field<Description>","ChangedDatatype","Text50","Text100"
"Table<Whse. Item Tracking Line>.Field<Description>","ChangedDatatype","Text50","Text100"
"Table<Item Tracing Buffer>.Field<Item Description>","ChangedDatatype","Text50","Text100"
"Table<Item Tracing Buffer>.Field<Source Name>","ChangedDatatype","Text50","Text100"
"Table<Lot No. Information>.Field<Description>","ChangedDatatype","Text50","Text100"
"Table<Serial No. Information>.Field<Description>","ChangedDatatype","Text50","Text100"
"Table<Item Tracking Code>.Field<Description>","ChangedDatatype","Text50","Text100"
"Table<Service Line Price Adjmt.>.Field<Description>","ChangedDatatype","Text50","Text100"
"Table<Serv. Price Adjustment Detail>.Field<Description>","ChangedDatatype","Text50","Text100"
"Table<Service Price Adjustment Group>.Field<Description>","ChangedDatatype","Text50","Text100"
"Table<Service Price Group>.Field<Description>","ChangedDatatype","Text50","Text100"
"Table<Standard Service Item Gr. Code>.Field<Description>","ChangedDatatype","Text50","Text100"
"Table<Standard Service Line>.Field<Description>","ChangedDatatype","Text50","Text100"
"Table<Standard Service Code>.Field<Description>","ChangedDatatype","Text50","Text100"
"Table<Service Cr.Memo Line>.Field<Service Item Line Description>","ChangedDatatype","Text50","Text100"
"Table<Service Cr.Memo Line>.Field<Unit of Measure>","ChangedDatatype","Text10","Text50"
"Table<Service Cr.Memo Line>.Field<Description>","ChangedDatatype","Text50","Text100"
"Table<Service Cr.Memo Header>.Field<Description>","ChangedDatatype","Text50","Text100"
"Table<Service Cr.Memo Header>.Field<Contact Name>","ChangedDatatype","Text50","Text100"
"Table<Service Cr.Memo Header>.Field<Address>","ChangedDatatype","Text50","Text100"
"Table<Service Cr.Memo Header>.Field<Name>","ChangedDatatype","Text50","Text100"
"Table<Service Cr.Memo Header>.Field<Posting Description>","ChangedDatatype","Text50","Text100"
"Table<Service Cr.Memo Header>.Field<Ship-to Contact>","ChangedDatatype","Text50","Text100"
"Table<Service Cr.Memo Header>.Field<Ship-to Address>","ChangedDatatype","Text50","Text100"
"Table<Service Cr.Memo Header>.Field<Ship-to Name>","ChangedDatatype","Text50","Text100"
"Table<Service Cr.Memo Header>.Field<Bill-to Contact>","ChangedDatatype","Text50","Text100"
"Table<Service Cr.Memo Header>.Field<Bill-to Address>","ChangedDatatype","Text50","Text100"
"Table<Service Cr.Memo Header>.Field<Bill-to Name>","ChangedDatatype","Text50","Text100"
"Table<Service Invoice Line>.Field<Service Item Line Description>","ChangedDatatype","Text50","Text100"
"Table<Service Invoice Line>.Field<Unit of Measure>","ChangedDatatype","Text10","Text50"
"Table<Service Invoice Line>.Field<Description>","ChangedDatatype","Text50","Text100"
"Table<Service Invoice Header>.Field<Description>","ChangedDatatype","Text50","Text100"
"Table<Service Invoice Header>.Field<Contact Name>","ChangedDatatype","Text50","Text100"
"Table<Service Invoice Header>.Field<Address>","ChangedDatatype","Text50","Text100"
"Table<Service Invoice Header>.Field<Name>","ChangedDatatype","Text50","Text100"
"Table<Service Invoice Header>.Field<Posting Description>","ChangedDatatype","Text50","Text100"
"Table<Service Invoice Header>.Field<Ship-to Contact>","ChangedDatatype","Text50","Text100"
"Table<Service Invoice Header>.Field<Ship-to Address>","ChangedDatatype","Text50","Text100"
"Table<Service Invoice Header>.Field<Ship-to Name>","ChangedDatatype","Text50","Text100"
"Table<Service Invoice Header>.Field<Bill-to Contact>","ChangedDatatype","Text50","Text100"
"Table<Service Invoice Header>.Field<Bill-to Address>","ChangedDatatype","Text50","Text100"
"Table<Service Invoice Header>.Field<Bill-to Name>","ChangedDatatype","Text50","Text100"
"Table<Service Shipment Line>.Field<Service Item Line Description>","ChangedDatatype","Text50","Text100"
"Table<Service Shipment Line>.Field<Unit of Measure>","ChangedDatatype","Text10","Text50"
"Table<Service Shipment Line>.Field<Description>","ChangedDatatype","Text50","Text100"
"Table<Service Shipment Header>.Field<Description>","ChangedDatatype","Text50","Text100"
"Table<Service Shipment Header>.Field<Contact Name>","ChangedDatatype","Text50","Text100"
"Table<Service Shipment Header>.Field<Address>","ChangedDatatype","Text50","Text100"
"Table<Service Shipment Header>.Field<Name>","ChangedDatatype","Text50","Text100"
"Table<Service Shipment Header>.Field<Posting Description>","ChangedDatatype","Text50","Text100"
"Table<Service Shipment Header>.Field<Ship-to Contact>","ChangedDatatype","Text50","Text100"
"Table<Service Shipment Header>.Field<Ship-to Address>","ChangedDatatype","Text50","Text100"
"Table<Service Shipment Header>.Field<Ship-to Name>","ChangedDatatype","Text50","Text100"
"Table<Service Shipment Header>.Field<Bill-to Contact>","ChangedDatatype","Text50","Text100"
"Table<Service Shipment Header>.Field<Bill-to Address>","ChangedDatatype","Text50","Text100"
"Table<Service Shipment Header>.Field<Bill-to Name>","ChangedDatatype","Text50","Text100"
"Table<Service Shipment Item Line>.Field<Description>","ChangedDatatype","Text50","Text100"
"Table<Service Contract Account Group>.Field<Description>","ChangedDatatype","Text50","Text100"
"Table<Filed Contract Line>.Field<Description>","ChangedDatatype","Text50","Text100"
"Table<Filed Service Contract Header>.Field<Bill-to Contact>","ChangedDatatype","Text50","Text100"
"Table<Filed Service Contract Header>.Field<Ship-to Address>","ChangedDatatype","Text50","Text100"
"Table<Filed Service Contract Header>.Field<Ship-to Name>","ChangedDatatype","Text50","Text100"
"Table<Filed Service Contract Header>.Field<Bill-to Address>","ChangedDatatype","Text50","Text100"
"Table<Filed Service Contract Header>.Field<Bill-to Name>","ChangedDatatype","Text50","Text100"
"Table<Filed Service Contract Header>.Field<Contact Name>","ChangedDatatype","Text50","Text100"
"Table<Filed Service Contract Header>.Field<Address>","ChangedDatatype","Text50","Text100"
"Table<Filed Service Contract Header>.Field<Name>","ChangedDatatype","Text50","Text100"
"Table<Filed Service Contract Header>.Field<Description>","ChangedDatatype","Text50","Text100"
"Table<Service Contract Template>.Field<Description>","ChangedDatatype","Text50","Text100"
"Table<Contract Change Log>.Field<New Value>","ChangedDatatype","Text80","Text100"
"Table<Contract Change Log>.Field<Old Value>","ChangedDatatype","Text80","Text100"
"Table<Contract Change Log>.Field<Field Description>","ChangedDatatype","Text80","Text100"
"Table<Contract Group>.Field<Description>","ChangedDatatype","Text50","Text100"
"Table<Service Contract Header>.Field<Bill-to Contact>","ChangedDatatype","Text50","Text100"
"Table<Service Contract Header>.Field<Ship-to Address>","ChangedDatatype","Text50","Text100"
"Table<Service Contract Header>.Field<Ship-to Name>","ChangedDatatype","Text50","Text100"
"Table<Service Contract Header>.Field<Bill-to Address>","ChangedDatatype","Text50","Text100"
"Table<Service Contract Header>.Field<Bill-to Name>","ChangedDatatype","Text50","Text100"
"Table<Service Contract Header>.Field<Contact Name>","ChangedDatatype","Text50","Text100"
"Table<Service Contract Header>.Field<Address>","ChangedDatatype","Text50","Text100"
"Table<Service Contract Header>.Field<Name>","ChangedDatatype","Text50","Text100"
"Table<Service Contract Header>.Field<Description>","ChangedDatatype","Text50","Text100"
"Table<Service Contract Line>.Field<Description>","ChangedDatatype","Text50","Text100"
"Table<Resource Service Zone>.Field<Description>","ChangedDatatype","Text50","Text100"
"Table<Service Zone>.Field<Description>","ChangedDatatype","Text50","Text100"
"Table<Skill Code>.Field<Description>","ChangedDatatype","Text50","Text100"
"Table<Work-Hour Template>.Field<Description>","ChangedDatatype","Text50","Text100"
"Table<Resource Location>.Field<Resource Name>","ChangedDatatype","Text50","Text100"
"Table<Resource Location>.Field<Location Name>","ChangedDatatype","Text50","Text100"
"Table<Service Order Allocation>.Field<Description>","ChangedDatatype","Text50","Text100"
"Table<Troubleshooting Header>.Field<Description>","ChangedDatatype","Text50","Text100"
"Table<Service Item Component>.Field<Description>","ChangedDatatype","Text50","Text100"
"Table<Service Item>.Field<Search Description>","ChangedDatatype","Code50","Code100"
"Table<Service Item>.Field<Vendor Item Name>","ChangedDatatype","Text50","Text100"
"Table<Service Item>.Field<Vendor Name>","ChangedDatatype","Text50","Text100"
"Table<Service Item>.Field<Ship-to Contact>","ChangedDatatype","Text50","Text100"
"Table<Service Item>.Field<Ship-to Address>","ChangedDatatype","Text50","Text100"
"Table<Service Item>.Field<Ship-to Name>","ChangedDatatype","Text50","Text100"
"Table<Service Item>.Field<Contact>","ChangedDatatype","Text50","Text100"
"Table<Service Item>.Field<Address>","ChangedDatatype","Text50","Text100"
"Table<Service Item>.Field<Name>","ChangedDatatype","Text50","Text100"
"Table<Service Item>.Field<Item Description>","ChangedDatatype","Text50","Text100"
"Table<Service Item>.Field<Description>","ChangedDatatype","Text50","Text100"
"Table<Service Shelf>.Field<Description>","ChangedDatatype","Text50","Text100"
"Table<Repair Status>.Field<Description>","ChangedDatatype","Text50","Text100"
"Table<Fault Area/Symptom Code>.Field<Description>","ChangedDatatype","Text50","Text100"
"Table<Fault Reason Code>.Field<Description>","ChangedDatatype","Text50","Text100"
"Table<Symptom Code>.Field<Description>","ChangedDatatype","Text50","Text100"
"Table<Fault Area>.Field<Description>","ChangedDatatype","Text50","Text100"
"Table<Loaner>.Field<Description>","ChangedDatatype","Text50","Text100"
"Table<Warranty Ledger Entry>.Field<Description>","ChangedDatatype","Text50","Text100"
"Table<Service Ledger Entry>.Field<Description>","ChangedDatatype","Text50","Text100"
"Table<Service Cost>.Field<Description>","ChangedDatatype","Text50","Text100"
"Table<Service Item Group>.Field<Description>","ChangedDatatype","Text50","Text100"
"Table<Service Order Type>.Field<Description>","ChangedDatatype","Text50","Text100"
"Table<Service Line>.Field<Service Item Line Description>","ChangedDatatype","Text50","Text100"
"Table<Service Line>.Field<Unit of Measure>","ChangedDatatype","Text10","Text50"
"Table<Service Line>.Field<Description>","ChangedDatatype","Text50","Text100"
"Table<Service Item Line>.Field<Description>","ChangedDatatype","Text50","Text100"
"Table<Service Header>.Field<Description>","ChangedDatatype","Text50","Text100"
"Table<Service Header>.Field<Contact Name>","ChangedDatatype","Text50","Text100"
"Table<Service Header>.Field<Address>","ChangedDatatype","Text50","Text100"
"Table<Service Header>.Field<Name>","ChangedDatatype","Text50","Text100"
"Table<Service Header>.Field<Posting Description>","ChangedDatatype","Text50","Text100"
"Table<Service Header>.Field<Ship-to Contact>","ChangedDatatype","Text50","Text100"
"Table<Service Header>.Field<Ship-to Address>","ChangedDatatype","Text50","Text100"
"Table<Service Header>.Field<Ship-to Name>","ChangedDatatype","Text50","Text100"
"Table<Service Header>.Field<Bill-to Contact>","ChangedDatatype","Text50","Text100"
"Table<Service Header>.Field<Bill-to Address>","ChangedDatatype","Text50","Text100"
"Table<Service Header>.Field<Bill-to Name>","ChangedDatatype","Text50","Text100"
"Table<BOM Buffer>.Field<Description>","ChangedDatatype","Text50","Text100"
"Table<Cost Share Buffer>.Field<Description>","ChangedDatatype","Text50","Text100"
"Table<Average Cost Calc. Overview>.Field<Description>","ChangedDatatype","Text50","Text100"
"Table<Inventory Report Entry>.Field<Description>","ChangedDatatype","Text50","Text100"
"Table<Standard Cost Worksheet>.Field<Description>","ChangedDatatype","Text50","Text100"
"Table<Standard Cost Worksheet Name>.Field<Description>","ChangedDatatype","Text50","Text100"
"Table<Capacity Ledger Entry>.Field<Description>","ChangedDatatype","Text50","Text100"
"Table<Availability Calc. Overview>.Field<Description>","ChangedDatatype","Text50","Text100"
"Table<Invt. Post to G/L Test Buffer>.Field<Description>","ChangedDatatype","Text50","Text100"
"Table<Inventory Period Entry>.Field<Description>","ChangedDatatype","Text50","Text100"
"Table<Inventory Posting Setup>.Field<Description>","ChangedDatatype","Text50","Text100"
"Table<Item Charge Assignment (Sales)>.Field<Description>","ChangedDatatype","Text50","Text100"
"Table<Item Charge Assignment (Purch)>.Field<Description>","ChangedDatatype","Text50","Text100"
"Table<Value Entry>.Field<Description>","ChangedDatatype","Text50","Text100"
"Table<Item Charge>.Field<Search Description>","ChangedDatatype","Code50","Code100"
"Table<Item Charge>.Field<Description>","ChangedDatatype","Text50","Text100"
"Table<Shipping Agent Services>.Field<Description>","ChangedDatatype","Text50","Text100"
"Table<Registered Whse. Activity Line>.Field<Description>","ChangedDatatype","Text50","Text100"
"Table<Warehouse Source Filter>.Field<Description>","ChangedDatatype","Text50","Text100"
"Table<Warehouse Activity Line>.Field<Description>","ChangedDatatype","Text50","Text100"
"Table<Transfer Receipt Line>.Field<Description>","ChangedDatatype","Text50","Text100"
"Table<Transfer Receipt Line>.Field<Unit of Measure>","ChangedDatatype","Text10","Text50"
"Table<Transfer Receipt Header>.Field<Transfer-to Contact>","ChangedDatatype","Text50","Text100"
"Table<Transfer Receipt Header>.Field<Transfer-from Contact>","ChangedDatatype","Text50","Text100"
"Table<Transfer Receipt Header>.Field<Transfer-to Address>","ChangedDatatype","Text50","Text100"
"Table<Transfer Receipt Header>.Field<Transfer-to Name>","ChangedDatatype","Text50","Text100"
"Table<Transfer Receipt Header>.Field<Transfer-from Address>","ChangedDatatype","Text50","Text100"
"Table<Transfer Receipt Header>.Field<Transfer-from Name>","ChangedDatatype","Text50","Text100"
"Table<Transfer Shipment Line>.Field<Description>","ChangedDatatype","Text50","Text100"
"Table<Transfer Shipment Line>.Field<Unit of Measure>","ChangedDatatype","Text10","Text50"
"Table<Transfer Shipment Header>.Field<Transfer-to Contact>","ChangedDatatype","Text50","Text100"
"Table<Transfer Shipment Header>.Field<Transfer-from Contact>","ChangedDatatype","Text50","Text100"
"Table<Transfer Shipment Header>.Field<Transfer-to Address>","ChangedDatatype","Text50","Text100"
"Table<Transfer Shipment Header>.Field<Transfer-to Name>","ChangedDatatype","Text50","Text100"
"Table<Transfer Shipment Header>.Field<Transfer-from Address>","ChangedDatatype","Text50","Text100"
"Table<Transfer Shipment Header>.Field<Transfer-from Name>","ChangedDatatype","Text50","Text100"
"Table<Transfer Line>.Field<Description>","ChangedDatatype","Text50","Text100"
"Table<Transfer Line>.Field<Unit of Measure>","ChangedDatatype","Text10","Text50"
"Table<Transfer Header>.Field<Transfer-to Contact>","ChangedDatatype","Text50","Text100"
"Table<Transfer Header>.Field<Transfer-from Contact>","ChangedDatatype","Text50","Text100"
"Table<Transfer Header>.Field<Transfer-to Address>","ChangedDatatype","Text50","Text100"
"Table<Transfer Header>.Field<Transfer-to Name>","ChangedDatatype","Text50","Text100"
"Table<Transfer Header>.Field<Transfer-from Address>","ChangedDatatype","Text50","Text100"
"Table<Transfer Header>.Field<Transfer-from Name>","ChangedDatatype","Text50","Text100"
"Table<Product Group>.Field<Description>","ChangedDatatype","Text50","Text100"
"Table<Item Category>.Field<Description>","ChangedDatatype","Text50","Text100"
"Table<Purchasing>.Field<Description>","ChangedDatatype","Text50","Text100"
"Table<Nonstock Item>.Field<Description>","ChangedDatatype","Text50","Text100"
"Table<Item Cross Reference>.Field<Description>","ChangedDatatype","Text50","Text100"
"Table<Item Substitution>.Field<Description>","ChangedDatatype","Text50","Text100"
"Table<Responsibility Center>.Field<Contact>","ChangedDatatype","Text50","Text100"
"Table<Responsibility Center>.Field<Address>","ChangedDatatype","Text50","Text100"
"Table<Stockkeeping Unit>.Field<Description>","ChangedDatatype","Text50","Text100"
"Table<Total Value Insured>.Field<Description>","ChangedDatatype","Text50","Text100"
"Table<FA Posting Group Buffer>.Field<FA FieldCaption>","ChangedDatatype","Text50","Text100"
"Table<FA Posting Group Buffer>.Field<Account Name>","ChangedDatatype","Text50","Text100"
"Table<Depreciation Table Header>.Field<Description>","ChangedDatatype","Text50","Text100"
"Table<Main Asset Component>.Field<Description>","ChangedDatatype","Text50","Text100"
"Table<Insurance Journal Line>.Field<Description>","ChangedDatatype","Text50","Text100"
"Table<Insurance Journal Line>.Field<FA Description>","ChangedDatatype","Text50","Text100"
"Table<Insurance Journal Batch>.Field<Description>","ChangedDatatype","Text50","Text100"
"Table<Insurance Type>.Field<Description>","ChangedDatatype","Text50","Text100"
"Table<Ins. Coverage Ledger Entry>.Field<Description>","ChangedDatatype","Text50","Text100"
"Table<Ins. Coverage Ledger Entry>.Field<FA Description>","ChangedDatatype","Text50","Text100"
"Table<Insurance>.Field<Search Description>","ChangedDatatype","Code50","Code100"
"Table<Insurance>.Field<Description>","ChangedDatatype","Text50","Text100"
"Table<Maintenance>.Field<Description>","ChangedDatatype","Text50","Text100"
"Table<Maintenance Ledger Entry>.Field<Description>","ChangedDatatype","Text50","Text100"
"Table<FA Reclass. Journal Line>.Field<Description>","ChangedDatatype","Text50","Text100"
"Table<FA Reclass. Journal Batch>.Field<Description>","ChangedDatatype","Text50","Text100"
"Table<FA Journal Line>.Field<Description>","ChangedDatatype","Text50","Text100"
"Table<FA Journal Batch>.Field<Description>","ChangedDatatype","Text50","Text100"
"Table<FA Allocation>.Field<Account Name>","ChangedDatatype","Text50","Text100"
"Table<FA Allocation>.Field<Description>","ChangedDatatype","Text50","Text100"
"Table<FA Depreciation Book>.Field<Description>","ChangedDatatype","Text50","Text100"
"Table<Depreciation Book>.Field<Description>","ChangedDatatype","Text50","Text100"
"Table<FA Ledger Entry>.Field<Description>","ChangedDatatype","Text50","Text100"
"Table<Fixed Asset>.Field<Search Description>","ChangedDatatype","Code50","Code100"
"Table<Fixed Asset>.Field<Description>","ChangedDatatype","Text50","Text100"
"Table<Inventory Page Data>.Field<Source>","ChangedDatatype","Text50","Text100"
"Table<Inventory Page Data>.Field<Description>","ChangedDatatype","Text50","Text100"
"Table<Unplanned Demand>.Field<Description>","ChangedDatatype","Text50","Text100"
"Table<Sales Cr. Memo Entity Buffer>.Field<Sell-to Contact>","ChangedDatatype","Text50","Text100"
"Table<Sales Cr. Memo Entity Buffer>.Field<Sell-to Address>","ChangedDatatype","Text50","Text100"
"Table<Sales Cr. Memo Entity Buffer>.Field<Sell-to Customer Name>","ChangedDatatype","Text50","Text100"
"Table<Sales Quote Entity Buffer>.Field<Sell-to Contact>","ChangedDatatype","Text50","Text100"
"Table<Sales Quote Entity Buffer>.Field<Sell-to Address>","ChangedDatatype","Text50","Text100"
"Table<Sales Quote Entity Buffer>.Field<Sell-to Customer Name>","ChangedDatatype","Text50","Text100"
"Table<Tax Area Buffer>.Field<Description>","ChangedDatatype","Text50","Text100"
"Table<Aged Report Entity>.Field<Name>","ChangedDatatype","Text50","Text100"
"Table<Sales Order Entity Buffer>.Field<Sell-to Contact>","ChangedDatatype","Text50","Text100"
"Table<Sales Order Entity Buffer>.Field<Sell-to Address>","ChangedDatatype","Text50","Text100"
"Table<Sales Order Entity Buffer>.Field<Sell-to Customer Name>","ChangedDatatype","Text50","Text100"
"Table<Trial Balance Entity Buffer>.Field<Name>","ChangedDatatype","Text50","Text100"
"Table<Tax Group Buffer>.Field<Description>","ChangedDatatype","Text50","Text100"
"Table<Purch. Inv. Line Aggregate>.Field<Description>","ChangedDatatype","Text50","Text100"
"Table<Purch. Inv. Entity Aggregate>.Field<Buy-from Contact>","ChangedDatatype","Text50","Text100"
"Table<Purch. Inv. Entity Aggregate>.Field<Buy-from Address>","ChangedDatatype","Text50","Text100"
"Table<Purch. Inv. Entity Aggregate>.Field<Buy-from Vendor Name>","ChangedDatatype","Text50","Text100"
"Table<Contact Alt. Address>.Field<Address>","ChangedDatatype","Text50","Text100"
"Table<Contact Alt. Address>.Field<Company Name>","ChangedDatatype","Text50","Text100"
"Table<Contact>.Field<Company Name>","ChangedDatatype","Text50","Text100"
"Table<Contact>.Field<Address>","ChangedDatatype","Text50","Text100"
"Table<Contact>.Field<Search Name>","ChangedDatatype","Code50","Code100"
"Table<Contact>.Field<Name>","ChangedDatatype","Text50","Text100"
"Table<Native - API Tax Setup>.Field<Description>","ChangedDatatype","Text50","Text100"
"Table<Native - Gen. Settings Buffer>.Field<Defauilt Tax Description>","ChangedDatatype","Text50","Text100"
"Table<Calendar Event>.Field<Description>","ChangedDatatype","Text50","Text100"
"Table<Cost Budget Register>.Field<Description>","ChangedDatatype","Text50","Text100"
"Table<Cost Budget Entry>.Field<Description>","ChangedDatatype","Text80","Text100"
"Table<ATO Sales Buffer>.Field<Parent Description>","ChangedDatatype","Text50","Text100"
"Table<Posted Assembly Line>.Field<Description>","ChangedDatatype","Text50","Text100"
"Table<Posted Assembly Header>.Field<Search Description>","ChangedDatatype","Code50","Code100"
"Table<Posted Assembly Header>.Field<Description>","ChangedDatatype","Text50","Text100"
"Table<Assembly Line>.Field<Description>","ChangedDatatype","Text50","Text100"
"Table<Assembly Header>.Field<Search Description>","ChangedDatatype","Code50","Code100"
"Table<Assembly Header>.Field<Description>","ChangedDatatype","Text50","Text100"
"Table<Cash Flow Manual Expense>.Field<Description>","ChangedDatatype","Text50","Text100"
"Table<Cash Flow Manual Revenue>.Field<Description>","ChangedDatatype","Text50","Text100"
"Table<Cash Flow Forecast>.Field<Description>","ChangedDatatype","Text50","Text100"
"Table<Cash Flow Forecast>.Field<Search Name>","ChangedDatatype","Code50","Code100"
"Table<Certificate of Supply>.Field<Customer/Vendor Name>","ChangedDatatype","Text50","Text100"
"Table<Standard Item Journal Line>.Field<Description>","ChangedDatatype","Text50","Text100"
"Table<Standard Item Journal>.Field<Description>","ChangedDatatype","Text50","Text100"
"Table<Standard General Journal Line>.Field<Description>","ChangedDatatype","Text50","Text100"
"Table<Standard General Journal>.Field<Description>","ChangedDatatype","Text50","Text100"
"Table<VAT Statement Report Line>.Field<Description>","ChangedDatatype","Text50","Text100"
"Table<Standard Address>.Field<Address>","ChangedDatatype","Text50","Text100"
"Table<Shipment Method Translation>.Field<Description>","ChangedDatatype","Text50","Text100"
"Table<Payment Term Translation>.Field<Description>","ChangedDatatype","Text50","Text100"
"Table<Prepayment Inv. Line Buffer>.Field<Description>","ChangedDatatype","Text50","Text100"
"Table<Handled IC Inbox Purch. Line>.Field<Description>","ChangedDatatype","Text50","Text100"
"Table<Handled IC Inbox Purch. Header>.Field<Ship-to Address>","ChangedDatatype","Text50","Text100"
"Table<Handled IC Inbox Purch. Header>.Field<Ship-to Name>","ChangedDatatype","Text50","Text100"
"Table<Handled IC Inbox Sales Line>.Field<Description>","ChangedDatatype","Text50","Text100"
"Table<Handled IC Inbox Sales Header>.Field<Ship-to Address>","ChangedDatatype","Text50","Text100"
"Table<Handled IC Inbox Sales Header>.Field<Ship-to Name>","ChangedDatatype","Text50","Text100"
"Table<IC Inbox Purchase Line>.Field<Description>","ChangedDatatype","Text50","Text100"
"Table<IC Inbox Purchase Header>.Field<Ship-to Address>","ChangedDatatype","Text50","Text100"
"Table<IC Inbox Purchase Header>.Field<Ship-to Name>","ChangedDatatype","Text50","Text100"
"Table<IC Inbox Sales Line>.Field<Description>","ChangedDatatype","Text50","Text100"
"Table<IC Inbox Sales Header>.Field<Ship-to Address>","ChangedDatatype","Text50","Text100"
"Table<IC Inbox Sales Header>.Field<Ship-to Name>","ChangedDatatype","Text50","Text100"
"Table<Handled IC Outbox Purch. Line>.Field<Description>","ChangedDatatype","Text50","Text100"
"Table<Handled IC Outbox Purch. Hdr>.Field<Ship-to Address>","ChangedDatatype","Text50","Text100"
"Table<Handled IC Outbox Purch. Hdr>.Field<Ship-to Name>","ChangedDatatype","Text50","Text100"
"Table<Handled IC Outbox Sales Line>.Field<Description>","ChangedDatatype","Text50","Text100"
"Table<Handled IC Outbox Sales Header>.Field<Ship-to Address>","ChangedDatatype","Text50","Text100"
"Table<Handled IC Outbox Sales Header>.Field<Ship-to Name>","ChangedDatatype","Text50","Text100"
"Table<IC Outbox Purchase Line>.Field<Description>","ChangedDatatype","Text50","Text100"
"Table<IC Outbox Purchase Header>.Field<Ship-to Address>","ChangedDatatype","Text50","Text100"
"Table<IC Outbox Purchase Header>.Field<Ship-to Name>","ChangedDatatype","Text50","Text100"
"Table<IC Outbox Sales Line>.Field<Description>","ChangedDatatype","Text50","Text100"
"Table<IC Outbox Sales Header>.Field<Ship-to Address>","ChangedDatatype","Text50","Text100"
"Table<IC Outbox Sales Header>.Field<Ship-to Name>","ChangedDatatype","Text50","Text100"
"Table<Handled IC Inbox Jnl. Line>.Field<Description>","ChangedDatatype","Text50","Text100"
"Table<IC Inbox Jnl. Line>.Field<Description>","ChangedDatatype","Text50","Text100"
"Table<Handled IC Outbox Jnl. Line>.Field<Description>","ChangedDatatype","Text50","Text100"
"Table<IC Outbox Jnl. Line>.Field<Description>","ChangedDatatype","Text50","Text100"
"Table<IC Partner>.Field<Name>","ChangedDatatype","Text50","Text100"
"Table<IC G/L Account>.Field<Name>","ChangedDatatype","Text50","Text100"
"Table<Change Log Entry>.Field<New Value>","ChangedDatatype","Text250","Text2048"
"Table<Change Log Entry>.Field<Old Value>","ChangedDatatype","Text250","Text2048"
"Table<XBRL Linkbase>.Field<Description>","ChangedDatatype","Text50","Text100"
"Table<XBRL Schema>.Field<Description>","ChangedDatatype","Text50","Text100"
"Table<XBRL Taxonomy>.Field<Description>","ChangedDatatype","Text50","Text100"
"Table<CV Ledger Entry Buffer>.Field<Description>","ChangedDatatype","Text50","Text100"
"Table<Dimension Code Buffer>.Field<Name>","ChangedDatatype","Text50","Text100"
"Table<Dimension>.Field<Description>","ChangedDatatype","Text50","Text100"
"Table<Item Discount Group>.Field<Description>","ChangedDatatype","Text50","Text100"
"Table<Customer Discount Group>.Field<Description>","ChangedDatatype","Text50","Text100"
"Table<Reservation Entry>.Field<Description>","ChangedDatatype","Text50","Text100"
"Table<Tracking Specification>.Field<Description>","ChangedDatatype","Text50","Text100"
"Table<Tax Jurisdiction Translation>.Field<Description>","ChangedDatatype","Text50","Text100"
"Table<VAT Posting Setup>.Field<Description>","ChangedDatatype","Text50","Text100"
"Table<VAT Product Posting Group>.Field<Description>","ChangedDatatype","Text50","Text100"
"Table<VAT Business Posting Group>.Field<Description>","ChangedDatatype","Text50","Text100"
"Table<Tax Group>.Field<Description>","ChangedDatatype","Text50","Text100"
"Table<Tax Jurisdiction>.Field<Description>","ChangedDatatype","Text50","Text100"
"Table<Tax Area>.Field<Description>","ChangedDatatype","Text50","Text100"
"Table<Tax Area Translation>.Field<Description>","ChangedDatatype","Text50","Text100"
"Table<No. Series Relationship>.Field<Series Description>","ChangedDatatype","Text50","Text100"
"Table<No. Series Relationship>.Field<Description>","ChangedDatatype","Text50","Text100"
"Table<No. Series>.Field<Description>","ChangedDatatype","Text50","Text100"
"Table<Issued Fin. Charge Memo Header>.Field<Posting Description>","ChangedDatatype","Text50","Text100"
"Table<Issued Fin. Charge Memo Header>.Field<Contact>","ChangedDatatype","Text50","Text100"
"Table<Issued Fin. Charge Memo Header>.Field<Address>","ChangedDatatype","Text50","Text100"
"Table<Issued Fin. Charge Memo Header>.Field<Name>","ChangedDatatype","Text50","Text100"
"Table<Finance Charge Memo Header>.Field<Posting Description>","ChangedDatatype","Text50","Text100"
"Table<Finance Charge Memo Header>.Field<Contact>","ChangedDatatype","Text50","Text100"
"Table<Finance Charge Memo Header>.Field<Address>","ChangedDatatype","Text50","Text100"
"Table<Finance Charge Memo Header>.Field<Name>","ChangedDatatype","Text50","Text100"
"Table<Issued Reminder Header>.Field<Posting Description>","ChangedDatatype","Text50","Text100"
"Table<Issued Reminder Header>.Field<Contact>","ChangedDatatype","Text50","Text100"
"Table<Issued Reminder Header>.Field<Address>","ChangedDatatype","Text50","Text100"
"Table<Issued Reminder Header>.Field<Name>","ChangedDatatype","Text50","Text100"
"Table<Reminder Header>.Field<Posting Description>","ChangedDatatype","Text50","Text100"
"Table<Reminder Header>.Field<Contact>","ChangedDatatype","Text50","Text100"
"Table<Reminder Header>.Field<Address>","ChangedDatatype","Text50","Text100"
"Table<Reminder Header>.Field<Name>","ChangedDatatype","Text50","Text100"
"Table<Reminder Terms>.Field<Description>","ChangedDatatype","Text50","Text100"
"Table<Payment Method>.Field<Description>","ChangedDatatype","Text50","Text100"
"Table<Vendor Bank Account>.Field<Contact>","ChangedDatatype","Text50","Text100"
"Table<Vendor Bank Account>.Field<Address>","ChangedDatatype","Text50","Text100"
"Table<Vendor Bank Account>.Field<Name>","ChangedDatatype","Text50","Text100"
"Table<Customer Bank Account>.Field<Contact>","ChangedDatatype","Text50","Text100"
"Table<Customer Bank Account>.Field<Address>","ChangedDatatype","Text50","Text100"
"Table<Customer Bank Account>.Field<Name>","ChangedDatatype","Text50","Text100"
"Table<Entry/Exit Point>.Field<Description>","ChangedDatatype","Text50","Text100"
"Table<Phys. Inventory Ledger Entry>.Field<Description>","ChangedDatatype","Text50","Text100"
"Table<Extended Text Line>.Field<Text>","ChangedDatatype","Text50","Text100"
"Table<Extended Text Header>.Field<Description>","ChangedDatatype","Text30","Text100"
"Table<Bank Account Statement Line>.Field<Description>","ChangedDatatype","Text50","Text100"
"Table<Bank Acc. Reconciliation Line>.Field<Description>","ChangedDatatype","Text50","Text100"
"Table<Check Ledger Entry>.Field<Description>","ChangedDatatype","Text50","Text100"
"Table<Bank Account Ledger Entry>.Field<Description>","ChangedDatatype","Text50","Text100"
"Table<Bank Account>.Field<Contact>","ChangedDatatype","Text50","Text100"
"Table<Bank Account>.Field<Address>","ChangedDatatype","Text50","Text100"
"Table<Bank Account>.Field<Search Name>","ChangedDatatype","Code50","Code100"
"Table<Bank Account>.Field<Name>","ChangedDatatype","Text50","Text100"
"Table<G/L Account Net Change>.Field<Name>","ChangedDatatype","Text50","Text100"
"Table<Intrastat Jnl. Line>.Field<Name>","ChangedDatatype","Text50","Text100"
"Table<Intrastat Jnl. Line>.Field<Item Description>","ChangedDatatype","Text50","Text100"
"Table<Intrastat Jnl. Batch>.Field<Description>","ChangedDatatype","Text50","Text100"
"Table<Tariff Number>.Field<Description>","ChangedDatatype","Text50","Text100"
"Table<Transport Method>.Field<Description>","ChangedDatatype","Text50","Text100"
"Table<VAT Statement Name>.Field<Description>","ChangedDatatype","Text50","Text100"
"Table<VAT Statement Line>.Field<Description>","ChangedDatatype","Text50","Text100"
"Table<General Posting Setup>.Field<Description>","ChangedDatatype","Text50","Text100"
"Table<Gen. Product Posting Group>.Field<Description>","ChangedDatatype","Text50","Text100"
"Table<Gen. Business Posting Group>.Field<Description>","ChangedDatatype","Text50","Text100"
"Table<Requisition Line>.Field<Description>","ChangedDatatype","Text50","Text100"
"Table<Requisition Wksh. Name>.Field<Description>","ChangedDatatype","Text50","Text100"
"Table<Job Journal Batch>.Field<Description>","ChangedDatatype","Text50","Text100"
"Table<Res. Journal Batch>.Field<Description>","ChangedDatatype","Text50","Text100"
"Table<Item Journal Batch>.Field<Description>","ChangedDatatype","Text50","Text100"
"Table<Gen. Journal Batch>.Field<Description>","ChangedDatatype","Text50","Text100"
"Table<Reason Code>.Field<Description>","ChangedDatatype","Text50","Text100"
"Table<Source Code>.Field<Description>","ChangedDatatype","Text50","Text100"
"Table<Order Address>.Field<Contact>","ChangedDatatype","Text50","Text100"
"Table<Order Address>.Field<Address>","ChangedDatatype","Text50","Text100"
"Table<Order Address>.Field<Name>","ChangedDatatype","Text50","Text100"
"Table<Ship-to Address>.Field<Contact>","ChangedDatatype","Text50","Text100"
"Table<Ship-to Address>.Field<Address>","ChangedDatatype","Text50","Text100"
"Table<Ship-to Address>.Field<Name>","ChangedDatatype","Text50","Text100"
"Table<Gen. Jnl. Allocation>.Field<Account Name>","ChangedDatatype","Text50","Text100"
"Table<Job Journal Line>.Field<Description>","ChangedDatatype","Text50","Text100"
"Table<Job Posting Group>.Field<Description>","ChangedDatatype","Text50","Text100"
"Table<Res. Journal Line>.Field<Description>","ChangedDatatype","Text50","Text100"
"Table<Unit of Measure>.Field<Description>","ChangedDatatype","Text10","Text50"
"Table<Res. Ledger Entry>.Field<Description>","ChangedDatatype","Text50","Text100"
"Table<Work Type>.Field<Description>","ChangedDatatype","Text50","Text100"
"Table<G/L Account Where-Used>.Field<G/L Account Name>","ChangedDatatype","Text50","Text100"
"Table<Reversal Entry>.Field<Account Name>","ChangedDatatype","Text50","Text100"
"Table<Reversal Entry>.Field<Description>","ChangedDatatype","Text50","Text100"
"Table<Standard Vendor Purchase Code>.Field<Description>","ChangedDatatype","Text50","Text100"
"Table<Standard Purchase Line>.Field<Description>","ChangedDatatype","Text50","Text100"
"Table<Standard Purchase Code>.Field<Description>","ChangedDatatype","Text50","Text100"
"Table<Standard Customer Sales Code>.Field<Description>","ChangedDatatype","Text50","Text100"
"Table<Standard Sales Line>.Field<Description>","ChangedDatatype","Text50","Text100"
"Table<Standard Sales Code>.Field<Description>","ChangedDatatype","Text50","Text100"
"Table<Job Ledger Entry>.Field<Description>","ChangedDatatype","Text50","Text100"
"Table<Job>.Field<Bill-to Contact>","ChangedDatatype","Text50","Text100"
"Table<Job>.Field<Bill-to Address>","ChangedDatatype","Text50","Text100"
"Table<Job>.Field<Bill-to Name>","ChangedDatatype","Text50","Text100"
"Table<Job>.Field<Description>","ChangedDatatype","Text50","Text100"
"Table<Job>.Field<Search Description>","ChangedDatatype","Code50","Code100"
"Table<Resource>.Field<Address>","ChangedDatatype","Text50","Text100"
"Table<Resource>.Field<Search Name>","ChangedDatatype","Code50","Code100"
"Table<Resource>.Field<Name>","ChangedDatatype","Text50","Text100"
"Table<Posted Docs. With No Inc. Buf.>.Field<First Posting Description>","ChangedDatatype","Text50","Text100"
"Table<Incoming Document>.Field<Vendor Name>","ChangedDatatype","Text50","Text100"
"Table<Incoming Document>.Field<Description>","ChangedDatatype","Text50","Text100"
"Table<Purch. Cr. Memo Line>.Field<Unit of Measure>","ChangedDatatype","Text10","Text50"
"Table<Purch. Cr. Memo Line>.Field<Description>","ChangedDatatype","Text50","Text100"
"Table<Purch. Cr. Memo Hdr.>.Field<Buy-from Contact>","ChangedDatatype","Text50","Text100"
"Table<Purch. Cr. Memo Hdr.>.Field<Buy-from Address>","ChangedDatatype","Text50","Text100"
"Table<Purch. Cr. Memo Hdr.>.Field<Buy-from Vendor Name>","ChangedDatatype","Text50","Text100"
"Table<Purch. Cr. Memo Hdr.>.Field<Posting Description>","ChangedDatatype","Text50","Text100"
"Table<Purch. Cr. Memo Hdr.>.Field<Ship-to Contact>","ChangedDatatype","Text50","Text100"
"Table<Purch. Cr. Memo Hdr.>.Field<Ship-to Address>","ChangedDatatype","Text50","Text100"
"Table<Purch. Cr. Memo Hdr.>.Field<Ship-to Name>","ChangedDatatype","Text50","Text100"
"Table<Purch. Cr. Memo Hdr.>.Field<Pay-to Contact>","ChangedDatatype","Text50","Text100"
"Table<Purch. Cr. Memo Hdr.>.Field<Pay-to Address>","ChangedDatatype","Text50","Text100"
"Table<Purch. Cr. Memo Hdr.>.Field<Pay-to Name>","ChangedDatatype","Text50","Text100"
"Table<Purch. Inv. Line>.Field<Unit of Measure>","ChangedDatatype","Text10","Text50"
"Table<Purch. Inv. Line>.Field<Description>","ChangedDatatype","Text50","Text100"
"Table<Purch. Inv. Header>.Field<Buy-from Contact>","ChangedDatatype","Text50","Text100"
"Table<Purch. Inv. Header>.Field<Buy-from Address>","ChangedDatatype","Text50","Text100"
"Table<Purch. Inv. Header>.Field<Buy-from Vendor Name>","ChangedDatatype","Text50","Text100"
"Table<Purch. Inv. Header>.Field<Posting Description>","ChangedDatatype","Text50","Text100"
"Table<Purch. Inv. Header>.Field<Ship-to Contact>","ChangedDatatype","Text50","Text100"
"Table<Purch. Inv. Header>.Field<Ship-to Address>","ChangedDatatype","Text50","Text100"
"Table<Purch. Inv. Header>.Field<Ship-to Name>","ChangedDatatype","Text50","Text100"
"Table<Purch. Inv. Header>.Field<Pay-to Contact>","ChangedDatatype","Text50","Text100"
"Table<Purch. Inv. Header>.Field<Pay-to Address>","ChangedDatatype","Text50","Text100"
"Table<Purch. Inv. Header>.Field<Pay-to Name>","ChangedDatatype","Text50","Text100"
"Table<Purch. Rcpt. Line>.Field<Unit of Measure>","ChangedDatatype","Text10","Text50"
"Table<Purch. Rcpt. Line>.Field<Description>","ChangedDatatype","Text50","Text100"
"Table<Purch. Rcpt. Header>.Field<Buy-from Contact>","ChangedDatatype","Text50","Text100"
"Table<Purch. Rcpt. Header>.Field<Buy-from Address>","ChangedDatatype","Text50","Text100"
"Table<Purch. Rcpt. Header>.Field<Buy-from Vendor Name>","ChangedDatatype","Text50","Text100"
"Table<Purch. Rcpt. Header>.Field<Posting Description>","ChangedDatatype","Text50","Text100"
"Table<Purch. Rcpt. Header>.Field<Ship-to Contact>","ChangedDatatype","Text50","Text100"
"Table<Purch. Rcpt. Header>.Field<Ship-to Address>","ChangedDatatype","Text50","Text100"
"Table<Purch. Rcpt. Header>.Field<Ship-to Name>","ChangedDatatype","Text50","Text100"
"Table<Purch. Rcpt. Header>.Field<Pay-to Contact>","ChangedDatatype","Text50","Text100"
"Table<Purch. Rcpt. Header>.Field<Pay-to Address>","ChangedDatatype","Text50","Text100"
"Table<Purch. Rcpt. Header>.Field<Pay-to Name>","ChangedDatatype","Text50","Text100"
"Table<Sales Cr.Memo Line>.Field<Unit of Measure>","ChangedDatatype","Text10","Text50"
"Table<Sales Cr.Memo Line>.Field<Description>","ChangedDatatype","Text50","Text100"
"Table<Sales Cr.Memo Header>.Field<Sell-to Contact>","ChangedDatatype","Text50","Text100"
"Table<Sales Cr.Memo Header>.Field<Sell-to Address>","ChangedDatatype","Text50","Text100"
"Table<Sales Cr.Memo Header>.Field<Sell-to Customer Name>","ChangedDatatype","Text50","Text100"
"Table<Sales Cr.Memo Header>.Field<Posting Description>","ChangedDatatype","Text50","Text100"
"Table<Sales Cr.Memo Header>.Field<Ship-to Contact>","ChangedDatatype","Text50","Text100"
"Table<Sales Cr.Memo Header>.Field<Ship-to Address>","ChangedDatatype","Text50","Text100"
"Table<Sales Cr.Memo Header>.Field<Ship-to Name>","ChangedDatatype","Text50","Text100"
"Table<Sales Cr.Memo Header>.Field<Bill-to Contact>","ChangedDatatype","Text50","Text100"
"Table<Sales Cr.Memo Header>.Field<Bill-to Address>","ChangedDatatype","Text50","Text100"
"Table<Sales Cr.Memo Header>.Field<Bill-to Name>","ChangedDatatype","Text50","Text100"
"Table<Sales Invoice Line>.Field<Unit of Measure>","ChangedDatatype","Text10","Text50"
"Table<Sales Invoice Line>.Field<Description>","ChangedDatatype","Text50","Text100"
"Table<Sales Invoice Header>.Field<Sell-to Contact>","ChangedDatatype","Text50","Text100"
"Table<Sales Invoice Header>.Field<Sell-to Address>","ChangedDatatype","Text50","Text100"
"Table<Sales Invoice Header>.Field<Sell-to Customer Name>","ChangedDatatype","Text50","Text100"
"Table<Sales Invoice Header>.Field<Posting Description>","ChangedDatatype","Text50","Text100"
"Table<Sales Invoice Header>.Field<Ship-to Contact>","ChangedDatatype","Text50","Text100"
"Table<Sales Invoice Header>.Field<Ship-to Address>","ChangedDatatype","Text50","Text100"
"Table<Sales Invoice Header>.Field<Ship-to Name>","ChangedDatatype","Text50","Text100"
"Table<Sales Invoice Header>.Field<Bill-to Contact>","ChangedDatatype","Text50","Text100"
"Table<Sales Invoice Header>.Field<Bill-to Address>","ChangedDatatype","Text50","Text100"
"Table<Sales Invoice Header>.Field<Bill-to Name>","ChangedDatatype","Text50","Text100"
"Table<Sales Shipment Line>.Field<Unit of Measure>","ChangedDatatype","Text10","Text50"
"Table<Sales Shipment Line>.Field<Description>","ChangedDatatype","Text50","Text100"
"Table<Sales Shipment Header>.Field<Sell-to Contact>","ChangedDatatype","Text50","Text100"
"Table<Sales Shipment Header>.Field<Sell-to Address>","ChangedDatatype","Text50","Text100"
"Table<Sales Shipment Header>.Field<Sell-to Customer Name>","ChangedDatatype","Text50","Text100"
"Table<Sales Shipment Header>.Field<Posting Description>","ChangedDatatype","Text50","Text100"
"Table<Sales Shipment Header>.Field<Ship-to Contact>","ChangedDatatype","Text50","Text100"
"Table<Sales Shipment Header>.Field<Ship-to Address>","ChangedDatatype","Text50","Text100"
"Table<Sales Shipment Header>.Field<Ship-to Name>","ChangedDatatype","Text50","Text100"
"Table<Sales Shipment Header>.Field<Bill-to Contact>","ChangedDatatype","Text50","Text100"
"Table<Sales Shipment Header>.Field<Bill-to Address>","ChangedDatatype","Text50","Text100"
"Table<Sales Shipment Header>.Field<Bill-to Name>","ChangedDatatype","Text50","Text100"
"Table<G/L Budget Entry>.Field<Description>","ChangedDatatype","Text50","Text100"
"Table<Inventory Posting Group>.Field<Description>","ChangedDatatype","Text50","Text100"
"Table<Vendor Posting Group>.Field<Description>","ChangedDatatype","Text50","Text100"
"Table<Customer Posting Group>.Field<Description>","ChangedDatatype","Text50","Text100"
"Table<BOM Component>.Field<Description>","ChangedDatatype","Text50","Text100"
"Table<Acc. Schedule Line>.Field<Description>","ChangedDatatype","Text80","Text100"
"Table<Item Journal Line>.Field<Description>","ChangedDatatype","Text50","Text100"
"Table<Gen. Journal Line>.Field<Description>","ChangedDatatype","Text50","Text100"
"Table<Company Information>.Field<Ship-to Contact>","ChangedDatatype","Text50","Text100"
"Table<Company Information>.Field<Ship-to Address>","ChangedDatatype","Text50","Text100"
"Table<Company Information>.Field<Ship-to Name>","ChangedDatatype","Text50","Text100"
"Table<Company Information>.Field<Bank Name>","ChangedDatatype","Text50","Text100"
"Table<Company Information>.Field<Address>","ChangedDatatype","Text50","Text100"
"Table<Company Information>.Field<Name>","ChangedDatatype","Text50","Text100"
"Table<Document Sending Profile>.Field<Description>","ChangedDatatype","Text50","Text100"
"Table<Invoice Post. Buffer>.Field<Posting Description>","ChangedDatatype","Text50","Text100"
"Table<Purchase Line>.Field<Unit of Measure>","ChangedDatatype","Text10","Text50"
"Table<Purchase Line>.Field<Description>","ChangedDatatype","Text50","Text100"
"Table<Purchase Header>.Field<Prepmt. Posting Description>","ChangedDatatype","Text50","Text100"
"Table<Purchase Header>.Field<Buy-from Contact>","ChangedDatatype","Text50","Text100"
"Table<Purchase Header>.Field<Buy-from Address>","ChangedDatatype","Text50","Text100"
"Table<Purchase Header>.Field<Buy-from Vendor Name>","ChangedDatatype","Text50","Text100"
"Table<Purchase Header>.Field<Posting Description>","ChangedDatatype","Text50","Text100"
"Table<Purchase Header>.Field<Ship-to Contact>","ChangedDatatype","Text50","Text100"
"Table<Purchase Header>.Field<Ship-to Address>","ChangedDatatype","Text50","Text100"
"Table<Purchase Header>.Field<Ship-to Name>","ChangedDatatype","Text50","Text100"
"Table<Purchase Header>.Field<Pay-to Contact>","ChangedDatatype","Text50","Text100"
"Table<Purchase Header>.Field<Pay-to Address>","ChangedDatatype","Text50","Text100"
"Table<Purchase Header>.Field<Pay-to Name>","ChangedDatatype","Text50","Text100"
"Table<Sales Line>.Field<Unit of Measure>","ChangedDatatype","Text10","Text50"
"Table<Sales Line>.Field<Description>","ChangedDatatype","Text50","Text100"
"Table<Sales Header>.Field<Prepmt. Posting Description>","ChangedDatatype","Text50","Text100"
"Table<Sales Header>.Field<Sell-to Contact>","ChangedDatatype","Text50","Text100"
"Table<Sales Header>.Field<Sell-to Address>","ChangedDatatype","Text50","Text100"
"Table<Sales Header>.Field<Sell-to Customer Name>","ChangedDatatype","Text50","Text100"
"Table<Sales Header>.Field<Posting Description>","ChangedDatatype","Text50","Text100"
"Table<Sales Header>.Field<Ship-to Contact>","ChangedDatatype","Text50","Text100"
"Table<Sales Header>.Field<Ship-to Address>","ChangedDatatype","Text50","Text100"
"Table<Sales Header>.Field<Ship-to Name>","ChangedDatatype","Text50","Text100"
"Table<Sales Header>.Field<Bill-to Contact>","ChangedDatatype","Text50","Text100"
"Table<Sales Header>.Field<Bill-to Address>","ChangedDatatype","Text50","Text100"
"Table<Sales Header>.Field<Bill-to Name>","ChangedDatatype","Text50","Text100"
"Table<Item Ledger Entry>.Field<Description>","ChangedDatatype","Text50","Text100"
"Table<Item Picture Buffer>.Field<File Name>","ChangedDatatype","Text250","Text260"
"Table<Item Translation>.Field<Description>","ChangedDatatype","Text50","Text100"
"Table<Item>.Field<Search Description>","ChangedDatatype","Code50","Code100"
"Table<Item>.Field<Description>","ChangedDatatype","Text50","Text100"
"Table<Vendor Ledger Entry>.Field<Description>","ChangedDatatype","Text50","Text100"
"Table<Vendor>.Field<Contact>","ChangedDatatype","Text50","Text100"
"Table<Vendor>.Field<Address>","ChangedDatatype","Text50","Text100"
"Table<Vendor>.Field<Search Name>","ChangedDatatype","Code50","Code100"
"Table<Vendor>.Field<Name>","ChangedDatatype","Text50","Text100"
"Table<Cust. Ledger Entry>.Field<Description>","ChangedDatatype","Text50","Text100"
"Table<Customer>.Field<Contact>","ChangedDatatype","Text50","Text100"
"Table<Customer>.Field<Address>","ChangedDatatype","Text50","Text100"
"Table<Customer>.Field<Search Name>","ChangedDatatype","Code50","Code100"
"Table<Customer>.Field<Name>","ChangedDatatype","Text50","Text100"
"Table<G/L Entry>.Field<G/L Account Name>","ChangedDatatype","Text50","Text100"
"Table<G/L Entry>.Field<Description>","ChangedDatatype","Text50","Text100"
"Table<G/L Account>.Field<Search Name>","ChangedDatatype","Code50","Code100"
"Table<G/L Account>.Field<Name>","ChangedDatatype","Text50","Text100"
"Table<Location>.Field<Contact>","ChangedDatatype","Text50","Text100"
"Table<Location>.Field<Address>","ChangedDatatype","Text50","Text100"
"Table<Location>.Field<Name>","ChangedDatatype","Text50","Text100"
"Table<Shipment Method>.Field<Description>","ChangedDatatype","Text50","Text100"
"Table<Standard Text>.Field<Description>","ChangedDatatype","Text50","Text100"
"Table<Customer Price Group>.Field<Description>","ChangedDatatype","Text50","Text100"
"Table<Finance Charge Terms>.Field<Detailed Lines Description>","ChangedDatatype","Text50","Text100"
"Table<Finance Charge Terms>.Field<Line Description>","ChangedDatatype","Text50","Text100"
"Table<Finance Charge Terms>.Field<Description>","ChangedDatatype","Text50","Text100"
"Table<Payment Terms>.Field<Description>","ChangedDatatype","Text50","Text100"
"Table<Segment Header>.Field<Campaign Description>","ChangedDatatype","Text50","Text100"
"Table<Segment Header>.Field<Subject (Default)>","ChangedDatatype","Text50","Text100"
"Table<Segment Header>.Field<Description>","ChangedDatatype","Text50","Text100"
"Table<Logged Segment>.Field<Description>","ChangedDatatype","Text50","Text100"
"Table<Delivery Sorter>.Field<Subject>","ChangedDatatype","Text50","Text100"
"Table<Campaign Status>.Field<Description>","ChangedDatatype","Text50","Text100"
"Table<Campaign Entry>.Field<Description>","ChangedDatatype","Text50","Text100"
"Table<Campaign>.Field<Description>","ChangedDatatype","Text50","Text100"
"Table<Organizational Level>.Field<Description>","ChangedDatatype","Text50","Text100"
"Table<Salutation>.Field<Description>","ChangedDatatype","Text50","Text100"
"Table<Contact Job Responsibility>.Field<Contact Company Name>","ChangedDatatype","Text50","Text100"
"Table<Contact Job Responsibility>.Field<Contact Name>","ChangedDatatype","Text50","Text100"
"Table<Contact Job Responsibility>.Field<Job Responsibility Description>","ChangedDatatype","Text50","Text100"
"Table<Job Responsibility>.Field<Description>","ChangedDatatype","Text50","Text100"
"Table<Interaction Log Entry>.Field<Contact Company Name>","ChangedDatatype","Text50","Text100"
"Table<Interaction Log Entry>.Field<Contact Name>","ChangedDatatype","Text50","Text100"
"Table<Interaction Log Entry>.Field<Subject>","ChangedDatatype","Text50","Text100"
"Table<Interaction Log Entry>.Field<Description>","ChangedDatatype","Text50","Text100"
"Table<Interaction Template>.Field<Description>","ChangedDatatype","Text50","Text100"
"Table<Interaction Group>.Field<Description>","ChangedDatatype","Text50","Text100"
"Table<Office Suggested Line Item>.Field<Item Description>","ChangedDatatype","Text50","Text100"
"Table<Office Contact Associations>.Field<Contact Name>","ChangedDatatype","Text50","Text100"
"Table<Office Contact Associations>.Field<Business Relation Description>","ChangedDatatype","Text50","Text100"
"Table<Job Planning Line - Calendar>.Field<Description>","ChangedDatatype","Text50","Text100"
"Table<Job Buffer>.Field<Description>","ChangedDatatype","Text50","Text100"
"Table<Job G/L Account Price>.Field<Description>","ChangedDatatype","Text50","Text100"
"Table<Job Item Price>.Field<Description>","ChangedDatatype","Text50","Text100"
"Table<Job Resource Price>.Field<Description>","ChangedDatatype","Text50","Text100"
"Table<Job WIP Method>.Field<Description>","ChangedDatatype","Text50","Text100"
"Table<Job WIP G/L Entry>.Field<Description>","ChangedDatatype","Text50","Text100"
"Table<Job Planning Line>.Field<Description>","ChangedDatatype","Text50","Text100"
"Table<Job Task>.Field<Description>","ChangedDatatype","Text50","Text100"
"Table<Document Search Result>.Field<Description>","ChangedDatatype","Text50","Text100"
"Table<Time Sheet Line Archive>.Field<Description>","ChangedDatatype","Text50","Text100"
"Table<Time Sheet Line>.Field<Description>","ChangedDatatype","Text50","Text100"
"Table<Grounds for Termination>.Field<Description>","ChangedDatatype","Text50","Text100"
"Table<Confidential Information>.Field<Description>","ChangedDatatype","Text50","Text100"
"Table<Confidential>.Field<Description>","ChangedDatatype","Text50","Text100"
"Table<Misc. Article Information>.Field<Description>","ChangedDatatype","Text50","Text100"
"Table<Misc. Article>.Field<Description>","ChangedDatatype","Text50","Text100"
"Table<Employee Statistics Group>.Field<Description>","ChangedDatatype","Text50","Text100"
"Table<Employment Contract>.Field<Description>","ChangedDatatype","Text50","Text100"
"Table<Cause of Inactivity>.Field<Description>","ChangedDatatype","Text50","Text100"
"Table<Union>.Field<Address>","ChangedDatatype","Text50","Text100"
"Table<Employee Absence>.Field<Description>","ChangedDatatype","Text50","Text100"
"Table<Cause of Absence>.Field<Description>","ChangedDatatype","Text50","Text100"
"Table<Relative>.Field<Description>","ChangedDatatype","Text50","Text100"
"Table<Employee Qualification>.Field<Institution/Company>","ChangedDatatype","Text50","Text100"
"Table<Employee Qualification>.Field<Description>","ChangedDatatype","Text50","Text100"
"Table<Qualification>.Field<Description>","ChangedDatatype","Text50","Text100"
"Table<Mini Vendor Template>.Field<Template Name>","ChangedDatatype","Text50","Text100"
"Table<Dimensions Template>.Field<Description>","ChangedDatatype","Text50","Text100"
"Table<Item Template>.Field<Template Name>","ChangedDatatype","Text50","Text100"
"Table<Mini Customer Template>.Field<Template Name>","ChangedDatatype","Text50","Text100"
"Table<Posted Payment Recon. Line>.Field<Description>","ChangedDatatype","Text50","Text100"
"Table<Applied Payment Entry>.Field<Description>","ChangedDatatype","Text50","Text100"
"Table<Payment Application Proposal>.Field<Description>","ChangedDatatype","Text50","Text100"
"Table<Outstanding Bank Transaction>.Field<Description>","ChangedDatatype","Text50","Text100"
"Table<Payment Registration Buffer>.Field<Name>","ChangedDatatype","Text50","Text100"
"Table<Payment Registration Buffer>.Field<Description>","ChangedDatatype","Text50","Text100"
"Table<Time Sheet Posting Entry>.Field<Description>","ChangedDatatype","Text50","Text100"
"Table<Sales Invoice Line Aggregate>.Field<Description>","ChangedDatatype","Text50","Text100"
"Table<Sales Invoice Entity Aggregate>.Field<Sell-to Contact>","ChangedDatatype","Text50","Text100"
"Table<Sales Invoice Entity Aggregate>.Field<Sell-to Address>","ChangedDatatype","Text50","Text100"
"Table<Sales Invoice Entity Aggregate>.Field<Sell-to Customer Name>","ChangedDatatype","Text50","Text100"
"Table<Workflow User Group>.Field<Description>","ChangedDatatype","Text50","Text100"
"Table<Positive Pay Detail>.Field<Payee>","ChangedDatatype","Text50","Text100"
"Table<Purchase Header Archive>.Field<Buy-from Contact>","ChangedDatatype","Text50","Text100"
"Table<Purchase Header Archive>.Field<Buy-from Address>","ChangedDatatype","Text50","Text100"
"Table<Purchase Header Archive>.Field<Buy-from Vendor Name>","ChangedDatatype","Text50","Text100"
"Table<Purchase Header Archive>.Field<Posting Description>","ChangedDatatype","Text50","Text100"
"Table<Purchase Header Archive>.Field<Ship-to Contact>","ChangedDatatype","Text50","Text100"
"Table<Purchase Header Archive>.Field<Ship-to Address>","ChangedDatatype","Text50","Text100"
"Table<Purchase Header Archive>.Field<Ship-to Name>","ChangedDatatype","Text50","Text100"
"Table<Purchase Header Archive>.Field<Pay-to Contact>","ChangedDatatype","Text50","Text100"
"Table<Purchase Header Archive>.Field<Pay-to Address>","ChangedDatatype","Text50","Text100"
"Table<Purchase Header Archive>.Field<Pay-to Name>","ChangedDatatype","Text50","Text100"
"Table<Sales Line Archive>.Field<Unit of Measure>","ChangedDatatype","Text10","Text50"
"Table<Sales Line Archive>.Field<Description>","ChangedDatatype","Text50","Text100"
"Table<Sales Header Archive>.Field<Sell-to Contact>","ChangedDatatype","Text50","Text100"
"Table<Sales Header Archive>.Field<Sell-to Address>","ChangedDatatype","Text50","Text100"
"Table<Sales Header Archive>.Field<Sell-to Customer Name>","ChangedDatatype","Text50","Text100"
"Table<Sales Header Archive>.Field<Posting Description>","ChangedDatatype","Text50","Text100"
"Table<Sales Header Archive>.Field<Ship-to Contact>","ChangedDatatype","Text50","Text100"
"Table<Sales Header Archive>.Field<Ship-to Address>","ChangedDatatype","Text50","Text100"
"Table<Sales Header Archive>.Field<Ship-to Name>","ChangedDatatype","Text50","Text100"
"Table<Sales Header Archive>.Field<Bill-to Contact>","ChangedDatatype","Text50","Text100"
"Table<Sales Header Archive>.Field<Bill-to Address>","ChangedDatatype","Text50","Text100"
"Table<Sales Header Archive>.Field<Bill-to Name>","ChangedDatatype","Text50","Text100"
"Table<Customer Template>.Field<Description>","ChangedDatatype","Text50","Text100"
"Table<Segment Interaction Language>.Field<Subject>","ChangedDatatype","Text50","Text100"
"Table<Segment Interaction Language>.Field<Description>","ChangedDatatype","Text50","Text100"
"Table<Interaction Tmpl. Language>.Field<Description>","ChangedDatatype","Text50","Text100"
"Table<Communication Method>.Field<Name>","ChangedDatatype","Text50","Text100"
"Table<Communication Method>.Field<Description>","ChangedDatatype","Text50","Text100"
"Table<Saved Segment Criteria>.Field<Description>","ChangedDatatype","Text50","Text100"
"Table<Close Opportunity Code>.Field<Description>","ChangedDatatype","Text50","Text100"
"Table<Opportunity Entry>.Field<Sales Cycle Stage Description>","ChangedDatatype","Text50","Text100"
"Table<O365 Payment Terms>.Field<Description>","ChangedDatatype","Text50","Text100"
"Table<Cost Journal Batch>.Field<Description>","ChangedDatatype","Text50","Text100"
"Table<Cost Journal Line>.Field<Description>","ChangedDatatype","Text80","Text100"
"Table<Cost Journal Template>.Field<Description>","ChangedDatatype","Text50","Text100"
"Table<Deferral Posting Buffer>.Field<Period Description>","ChangedDatatype","Text50","Text100"
"Table<Deferral Posting Buffer>.Field<Description>","ChangedDatatype","Text50","Text100"
"Table<Posted Deferral Line>.Field<Description>","ChangedDatatype","Text50","Text100"
"Table<Posted Deferral Header>.Field<Schedule Description>","ChangedDatatype","Text50","Text100"
"Table<Deferral Post. Buffer>.Field<Period Description>","ChangedDatatype","Text50","Text100"
"Table<Deferral Post. Buffer>.Field<Description>","ChangedDatatype","Text50","Text100"
"Table<Deferral Line>.Field<Description>","ChangedDatatype","Text50","Text100"
"Table<Cost Entry>.Field<Description>","ChangedDatatype","Text80","Text100"
"Table<Cost Type>.Field<Search Name>","ChangedDatatype","Code50","Code100"
"Table<Cost Type>.Field<Name>","ChangedDatatype","Text50","Text100"
"Table<Alternative Address>.Field<Address>","ChangedDatatype","Text50","Text100"
"Table<Alternative Address>.Field<Name>","ChangedDatatype","Text50","Text100"
"Table<Employee>.Field<Address>","ChangedDatatype","Text50","Text100"
"Table<Attendee>.Field<Attendee Name>","ChangedDatatype","Text50","Text100"
"Table<To-do Interaction Language>.Field<Description>","ChangedDatatype","Text50","Text100"
"Table<Deferral Line Archive>.Field<Description>","ChangedDatatype","Text50","Text100"
"Table<Deferral Header Archive>.Field<Schedule Description>","ChangedDatatype","Text50","Text100"
"Table<Purchase Line Archive>.Field<Unit of Measure>","ChangedDatatype","Text10","Text50"
"Table<Purchase Line Archive>.Field<Description>","ChangedDatatype","Text50","Text100"
"Table<Opportunity>.Field<Wizard Campaign Description>","ChangedDatatype","Text50","Text100"
"Table<Opportunity>.Field<Wizard Contact Name>","ChangedDatatype","Text50","Text100"
"Table<Opportunity>.Field<Segment Description>","ChangedDatatype","Text50","Text100"
"Table<Opportunity>.Field<Campaign Description>","ChangedDatatype","Text50","Text100"
"Table<Opportunity>.Field<Contact Company Name>","ChangedDatatype","Text50","Text100"
"Table<Opportunity>.Field<Contact Name>","ChangedDatatype","Text50","Text100"
"Table<Opportunity>.Field<Description>","ChangedDatatype","Text50","Text100"
"Table<Sales Cycle Stage>.Field<Description>","ChangedDatatype","Text50","Text100"
"Table<Sales Cycle>.Field<Description>","ChangedDatatype","Text50","Text100"
"Table<Activity Step>.Field<Description>","ChangedDatatype","Text50","Text100"
"Table<Activity>.Field<Description>","ChangedDatatype","Text50","Text100"
"Table<To-do>.Field<Wizard Opportunity Description>","ChangedDatatype","Text50","Text100"
"Table<To-do>.Field<Wizard Campaign Description>","ChangedDatatype","Text50","Text100"
"Table<To-do>.Field<Wizard Contact Name>","ChangedDatatype","Text50","Text100"
"Table<To-do>.Field<Segment Description>","ChangedDatatype","Text50","Text100"
"Table<To-do>.Field<Subject>","ChangedDatatype","Text50","Text100"
"Table<To-do>.Field<Location>","ChangedDatatype","Text50","Text100"
"Table<To-do>.Field<Opportunity Description>","ChangedDatatype","Text50","Text100"
"Table<To-do>.Field<Contact Company Name>","ChangedDatatype","Text50","Text100"
"Table<To-do>.Field<Campaign Description>","ChangedDatatype","Text50","Text100"
"Table<To-do>.Field<Contact Name>","ChangedDatatype","Text50","Text100"
"Table<To-do>.Field<Description>","ChangedDatatype","Text50","Text100"
"Table<Segment Line>.Field<Campaign Description>","ChangedDatatype","Text50","Text100"
"Table<Segment Line>.Field<Opportunity Description>","ChangedDatatype","Text50","Text100"
"Table<Segment Line>.Field<Wizard Contact Name>","ChangedDatatype","Text50","Text100"
"Table<Segment Line>.Field<Subject>","ChangedDatatype","Text50","Text100"
"Table<Segment Line>.Field<Description>","ChangedDatatype","Text50","Text100"
"Table<Segment Line>.Field<Contact Company Name>","ChangedDatatype","Text50","Text100"
"Table<Segment Line>.Field<Contact Name>","ChangedDatatype","Text50","Text100"
"Table<Contact Web Source>.Field<Contact Name>","ChangedDatatype","Text50","Text100"
"Table<Contact Web Source>.Field<Web Source Description>","ChangedDatatype","Text50","Text100"
"Table<Web Source>.Field<Description>","ChangedDatatype","Text50","Text100"
"Table<Contact Industry Group>.Field<Contact Name>","ChangedDatatype","Text50","Text100"
"Table<Contact Industry Group>.Field<Industry Group Description>","ChangedDatatype","Text50","Text100"
"Table<Industry Group>.Field<Description>","ChangedDatatype","Text50","Text100"
"Table<Contact Mailing Group>.Field<Mailing Group Description>","ChangedDatatype","Text50","Text100"
"Table<Contact Mailing Group>.Field<Contact Company Name>","ChangedDatatype","Text50","Text100"
"Table<Contact Mailing Group>.Field<Contact Name>","ChangedDatatype","Text50","Text100"
"Table<Mailing Group>.Field<Description>","ChangedDatatype","Text50","Text100"
"Table<Contact Business Relation>.Field<Contact Name>","ChangedDatatype","Text50","Text100"
"Table<Contact Business Relation>.Field<Business Relation Description>","ChangedDatatype","Text50","Text100"
"Table<Business Relation>.Field<Description>","ChangedDatatype","Text50","Text100"
"Table<Prod. Order Rtng Qlty Meas.>.Field<Description>","ChangedDatatype","Text50","Text100"
"Table<Prod. Order Routing Personnel>.Field<Description>","ChangedDatatype","Text50","Text100"
"Table<Prod. Order Routing Tool>.Field<Description>","ChangedDatatype","Text50","Text100"
"Table<Prod. Order Routing Line>.Field<Description>","ChangedDatatype","Text50","Text100"
"Table<Prod. Order Component>.Field<Description>","ChangedDatatype","Text50","Text100"
"Table<Prod. Order Line>.Field<Description>","ChangedDatatype","Text50","Text100"
"Table<Production Order>.Field<Search Description>","ChangedDatatype","Code50","Code100"
"Table<Production Order>.Field<Description>","ChangedDatatype","Text50","Text100"
"Table<O365 HTML Template>.Field<Description>","ChangedDatatype","Text50","Text100"
"Table<O365 Sales Document>.Field<Sell-to Contact>","ChangedDatatype","Text50","Text100"
"Table<O365 Sales Document>.Field<Sell-to Customer Name>","ChangedDatatype","Text50","Text100"
"Table<O365 Item Basket Entry>.Field<Description>","ChangedDatatype","Text50","Text100"
"Table<Deferral Header>.Field<Schedule Description>","ChangedDatatype","Text50","Text100"
"Table<Deferral Template>.Field<Period Description>","ChangedDatatype","Text50","Text100"
"Table<Deferral Template>.Field<Description>","ChangedDatatype","Text50","Text100"
"Table<Payroll Import Buffer>.Field<Description>","ChangedDatatype","Text50","Text100"
"Table<Import G/L Transaction>.Field<Description>","ChangedDatatype","Text50","Text100"